{"cameraMode":{"drawMode":0,"name":"Shaded","section":"Shading Mode"},"sceneLighting":true,"audioPlay":false,"sceneViewState":{"showFog":true,"showMaterialUpdate":false,"showSkybox":true,"showFlares":true,"showImageEffects":true,"showParticleSystems":true},"in2DMode":false,"pivot":{"x":908.7278442382813,"y":323.20709228515627,"z":-39.033660888671878},"rotation":{"x":-0.14974889159202577,"y":0.005044647492468357,"z":-0.0007477022591046989,"w":-0.9887487292289734},"size":246.494140625,"orthographic":false}