{"cameraMode":{"drawMode":0,"name":"Shaded","section":"Shading Mode"},"sceneLighting":true,"audioPlay":false,"sceneViewState":{"showFog":true,"showMaterialUpdate":false,"showSkybox":true,"showFlares":true,"showImageEffects":true,"showParticleSystems":true},"in2DMode":false,"pivot":{"x":10.200236320495606,"y":5.856837272644043,"z":-11.693947792053223},"rotation":{"x":-0.38323983550071719,"y":0.00917869247496128,"z":-0.003759231651201844,"w":-0.9236260652542114},"size":10.982234954833985,"orthographic":false}