{"cameraMode":{"drawMode":0,"name":"Shaded","section":"Shading Mode"},"sceneLighting":true,"audioPlay":false,"sceneViewState":{"showFog":true,"showMaterialUpdate":false,"showSkybox":true,"showFlares":true,"showImageEffects":true,"showParticleSystems":true},"in2DMode":false,"pivot":{"x":2.4494011402130129,"y":7.6356353759765629,"z":-3.5013484954833986},"rotation":{"x":-0.4053139388561249,"y":0.0046673729084432129,"z":-0.0020542943384498359,"w":-0.9142058491706848},"size":27.3459529876709,"orthographic":false}