{"cameraMode":{"drawMode":0,"name":"Shaded","section":"Shading Mode"},"sceneLighting":true,"audioPlay":false,"sceneViewState":{"showFog":true,"showMaterialUpdate":false,"showSkybox":true,"showFlares":true,"showImageEffects":true,"showParticleSystems":true},"in2DMode":false,"pivot":{"x":1.4674979448318482,"y":1.681854248046875,"z":-10.552741050720215},"rotation":{"x":-0.37214457988739016,"y":-0.005005730781704187,"z":0.0020267684012651445,"w":-0.9281978607177734},"size":13.815406799316407,"orthographic":false}