{"cameraMode":{"drawMode":0,"name":"Shaded","section":"Shading Mode"},"sceneLighting":false,"audioPlay":false,"sceneViewState":{"showFog":true,"showMaterialUpdate":false,"showSkybox":false,"showFlares":true,"showImageEffects":true,"showParticleSystems":true},"in2DMode":false,"pivot":{"x":1.0,"y":7.147032260894775,"z":-2.109999895095825},"rotation":{"x":-0.34695112705230715,"y":0.000561136519536376,"z":-0.00022505177184939384,"w":-0.9379064440727234},"size":0.6062177419662476,"orthographic":false}